Workbook

Sheet 요약
B2: 적립식 투자, 왜 '빨리' 시작해야 하는가
B3: 월 50만원 · 연 수익률 5% · 월복리 재투자 가정 (세금·보수 미반영)
B5: 한눈에 보기 ① 같은 돈, 다른 시간
B6: 구분 | C6: 10년 | D6: 20년 | E6: 30년 | F6: 비고
B7: 납입원금(원) | C7: ='1_기간별비교'!F6 -> 60000000 | D7: ='1_기간별비교'!F7 -> 120000000 | E7: ='1_기간별비교'!F8 -> 180000000 | F7: 월 50만원 × 개월수
B8: 투자수익(원) | C8: ='1_기간별비교'!G6 -> 17641140 | D8: ='1_기간별비교'!G7 -> 85516834 | E8: ='1_기간별비교'!G8 -> 2.3612932e+08 | F8: 복리로 불어난 금액
B9: 최종자산(원) | C9: ='1_기간별비교'!H6 -> 77641140 | D9: ='1_기간별비교'!H7 -> 2.0551683e+08 | E9: ='1_기간별비교'!H8 -> 4.1612932e+08 | F9: 원금 + 투자수익
B10: 수익이 차지하는 비중 | C10: =C8/C9 -> 0.22721382 | D10: =D8/D9 -> 0.41610623 | E10: =E8/E9 -> 0.56744216 | F10: 기간이 길수록 급증
B13: 한눈에 보기 ② 10년 늦게 시작하면?
B14: 구분 | C14: 30세 시작 | D14: 40세 시작 | E14: 차이 | F14: 비고
B15: 60세 최종자산(원) | C15: ='2_시작시점비교'!H7 -> 4.1612932e+08 | D15: ='2_시작시점비교'!H9 -> 2.0551683e+08 | E15: =C15-D15 -> 2.1061248e+08 | F15: 둘 다 월 50만원 · 60세 종료
B16: 총 납입원금(원) | C16: ='2_시작시점비교'!F7 -> 180000000 | D16: ='2_시작시점비교'!F9 -> 120000000 | E16: =C16-D16 -> 60000000 | F16: 40세 시작자는 원금도 적음
B17: 따라잡기 필요 월납입액(원) | C17: ='2_시작시점비교'!E7 -> 500000 | D17: ='2_시작시점비교'!D18 -> 1012397.2 | E17: =D17-C17 -> 512397.16 | F17: 40세 시작자가 동일 자산을 만들려면
B18: → 월 납입 배수 | C18: 1 | D18: ='2_시작시점비교'!E18 -> 2.0247943 | E18: =D18-C18 -> 1.0247943 | F18: 10년의 공백을 메우는 비용
B19: → 추가 납입원금(원) | C19: 0 | D19: ='2_시작시점비교'!H18 -> 62975318 | E19: =D19-C19 -> 62975318 | F19: 일찍 시작했다면 안 냈을 돈
B21: 한눈에 보기 ③ 적게 빨리 vs 많이 늦게
B22: 비교 | C22: A (빨리 시작) | D22: B (늦게 시작·많이) | E22: A − B | F22: 결론
B23: ① 30세 월30만(30년) vs 40세 월50만(20년) — 최종자산 | C23: ='3_적게빨리vs많이늦게'!C11 -> 2.4967759e+08 | D23: ='3_적게빨리vs많이늦게'!D11 -> 2.0551683e+08 | E23: =C23-D23 -> 44160756 | F23: 적게 넣어도 A 승
B24: └ 총 납입원금 | C24: ='3_적게빨리vs많이늦게'!C9 -> 108000000 | D24: ='3_적게빨리vs많이늦게'!D9 -> 120000000 | E24: =C24-D24 -> -12000000 | F24: A가 원금도 더 적음
B25: ② 30세 10년만 납입 후 거치 vs 40세 20년 납입 — 최종자산 | C25: ='3_적게빨리vs많이늦게'!C22 -> 2.1061248e+08 | D25: ='3_적게빨리vs많이늦게'!D22 -> 2.0551683e+08 | E25: =C25-D25 -> 5095649.2 | F25: 절반만 넣고 멈춰도 A 승
B26: └ 총 납입원금 | C26: ='3_적게빨리vs많이늦게'!C20 -> 60000000 | D26: ='3_적게빨리vs많이늦게'!D20 -> 120000000 | E26: =C26-D26 -> -60000000 | F26: A는 B의 절반
B28: 결론
B29: ="1. 시간이 곧 수익이다 : 월 50만원 30년 투자 시 최종자산 "&TEXT(E9,"#,##0")&"원 중 "&TEXT(E10,"0.0%")&"가 투자수익입니다." -> 1. 시간이 곧 수익이다 : 월 50만원 30년 투자 시 최종자산 416,129,318원 중 56.7%가 투자수익입니다.
B30: ="2. 10년의 지각비 : 40세 시작자가 30세 시작자를 따라잡으려면 매월 "&TEXT(D17,"#,##0")&"원("&TEXT(D18,"0.00")&"배), 원금은 "&TEXT(D19,"#,##0")&"원을 더 넣어야 합니다." -> 2. 10년의 지각비 : 40세 시작자가 30세 시작자를 따라잡으려면 매월 1,012,397원(2.02배), 원금은 62,975,318원을 더 넣어야 합니다.
B31: ="3. 금액보다 시점 : 30세에 월 30만원이 40세에 월 50만원을 이깁니다. 원금을 "&TEXT(D24-C24,"#,##0")&"원 덜 넣고도 "&TEXT(C23-D23,"#,##0")&"원을 더 법니다." -> 3. 금액보다 시점 : 30세에 월 30만원이 40세에 월 50만원을 이깁니다. 원금을 12,000,000원 덜 넣고도 44,160,756원을 더 법니다.
B32: ="4. 시작이 전부 : 30세부터 10년만 넣고 20년간 방치해도, 40세부터 20년 내내 넣은 것보다 "&TEXT(C25-D25,"#,##0")&"원 앞섭니다." -> 4. 시작이 전부 : 30세부터 10년만 넣고 20년간 방치해도, 40세부터 20년 내내 넣은 것보다 5,095,649원 앞섭니다.
B33: 5. 지금 할 일 : 금액을 완벽하게 정하려다 미루지 말 것. 소액이라도 오늘 시작하는 것이 가장 큰 수익률 개선입니다.
B36: ※ 연 5%는 사용자 제시 가정치이며 확정수익률이 아닙니다. 세금·보수·물가상승률 미반영. 투자원금 손실이 발생할 수 있습니다.

Sheet 가정
B2: 적립식 투자 복리효과 시뮬레이션
B3: 노란색 음영 + 파란색 글씨 셀만 수정하시면 모든 시트가 자동으로 재계산됩니다.
B5: ■ 기본 가정
B6: 항목 | C6: 값
B7: 월 납입액 (원) | C7: 500000
B8: 연 수익률 | C8: 0.05
B9: 월 수익률 | C9: =C8/12 -> 0.0041666667
B10: 연 환산 복리계수 | C10: =(1+C9)^12 -> 1.0511619
B12: ■ 연령 가정
B13: 항목 | C13: 값
B14: 빠른 시작 연령 | C14: 30
B15: 늦은 시작 연령 | C15: 40
B16: 은퇴(목표) 연령 | C16: 60
B18: ■ 계산 방식 및 유의사항
B19: ① 적립 방식: 매월 말 정액 납입(기말급 연금, ordinary annuity), 월복리 재투자 가정.
B20: ② 최종자산 = 월납입액 × [ (1+월수익률)^납입개월수 − 1 ] ÷ 월수익률
B21: ③ 납입원금 = 월납입액 × 납입개월수, 투자수익 = 최종자산 − 납입원금
B22: ④ 연 5% 수익률은 사용자가 제시한 가정치이며 특정 상품의 확정수익률이 아닙니다.
B23: ⑤ 세금(배당소득세·양도소득세), 판매보수·운용보수, 매매비용, 물가상승률은 반영하지 않았습니다.
B24: ⑥ 실제 수익률은 매년 변동하므로 본 자료는 복리 구조를 설명하기 위한 예시입니다.
B25: ⑦ 투자원금 손실이 발생할 수 있으며 과거·가정 수익률이 미래 수익률을 보장하지 않습니다.

Sheet 1_기간별비교
B2: ① 월 50만원 적립 · 연 5% 가정 — 기간별 결과
B3: 같은 금액을 넣어도 '기간'이 길어질수록 투자수익이 원금을 압도합니다.
B5: 구분 | C5: 납입기간 | D5: 납입개월 | E5: 월 납입액(원) | F5: 납입원금(원) | G5: 투자수익(원) | H5: 최종자산(원) | I5: 수익/원금 | J5: 자산배수
B6: 10년 투자 | C6: 10 | D6: =C6*12 -> 120 | E6: =가정!$C$7 -> 500000 | F6: =E6*D6 -> 60000000 | G6: =H6-F6 -> 17641140 | H6: =E6*((1+가정!$C$9)^(D6)-1)/가정!$C$9 -> 77641140 | I6: =G6/F6 -> 0.294019 | J6: =H6/F6 -> 1.294019
B7: 20년 투자 | C7: 20 | D7: =C7*12 -> 240 | E7: =가정!$C$7 -> 500000 | F7: =E7*D7 -> 120000000 | G7: =H7-F7 -> 85516834 | H7: =E7*((1+가정!$C$9)^(D7)-1)/가정!$C$9 -> 2.0551683e+08 | I7: =G7/F7 -> 0.71264029 | J7: =H7/F7 -> 1.7126403
B8: 30년 투자 | C8: 30 | D8: =C8*12 -> 360 | E8: =가정!$C$7 -> 500000 | F8: =E8*D8 -> 180000000 | G8: =H8-F8 -> 2.3612932e+08 | H8: =E8*((1+가정!$C$9)^(D8)-1)/가정!$C$9 -> 4.1612932e+08 | I8: =G8/F8 -> 1.3118295 | J8: =H8/F8 -> 2.3118295
B10: 핵심 메시지
B11: =" · 10년 → 30년으로 기간이 3배가 되면 납입원금은 3배지만, 최종자산은 "&TEXT(H8/H6,"0.0")&"배가 됩니다." -> · 10년 → 30년으로 기간이 3배가 되면 납입원금은 3배지만, 최종자산은 5.4배가 됩니다.
B12: =" · 30년 투자 시 최종자산의 "&TEXT(G8/H8,"0.0%")&"가 원금이 아닌 '투자수익'입니다. (10년 투자 시에는 "&TEXT(G6/H6,"0.0%")&")" -> · 30년 투자 시 최종자산의 56.7%가 원금이 아닌 '투자수익'입니다. (10년 투자 시에는 22.7%)
B13: =" · 마지막 10년(20년차→30년차)에만 자산이 "&TEXT(H8-H7,"#,##0")&"원 늘어납니다. 이는 첫 10년 증가분("&TEXT(H6,"#,##0")&"원)의 "&TEXT((H8-H7)/H6,"0.0")&"배입니다." -> · 마지막 10년(20년차→30년차)에만 자산이 210,612,483원 늘어납니다. 이는 첫 10년 증가분(77,641,140원)의 2.7배입니다.

Sheet 2_시작시점비교
B2: ② 30세 시작 vs 40세 시작 — 10년의 값어치
B3: 모두 60세까지 월 50만원(연 5%)을 적립했을 때의 결과입니다.
B5: ■ 시작 연령별 결과 (60세 종료 기준)
B6: 시작 연령 | C6: 납입기간 | D6: 납입개월 | E6: 월 납입액(원) | F6: 납입원금(원) | G6: 투자수익(원) | H6: 60세 최종자산(원) | I6: 30세 시작 대비 부족액(원) | J6: 30세 시작 대비 달성률
B7: 30 | C7: =가정!$C$16-B7 -> 30 | D7: =C7*12 -> 360 | E7: =가정!$C$7 -> 500000 | F7: =E7*D7 -> 180000000 | G7: =H7-F7 -> 2.3612932e+08 | H7: =E7*((1+가정!$C$9)^(D7)-1)/가정!$C$9 -> 4.1612932e+08 | I7: =H7-$H$7 -> 0 | J7: =H7/$H$7 -> 1
B8: 35 | C8: =가정!$C$16-B8 -> 25 | D8: =C8*12 -> 300 | E8: =가정!$C$7 -> 500000 | F8: =E8*D8 -> 150000000 | G8: =H8-F8 -> 1.4775485e+08 | H8: =E8*((1+가정!$C$9)^(D8)-1)/가정!$C$9 -> 2.9775485e+08 | I8: =H8-$H$7 -> -1.1837446e+08 | J8: =H8/$H$7 -> 0.71553443
B9: 40 | C9: =가정!$C$16-B9 -> 20 | D9: =C9*12 -> 240 | E9: =가정!$C$7 -> 500000 | F9: =E9*D9 -> 120000000 | G9: =H9-F9 -> 85516834 | H9: =E9*((1+가정!$C$9)^(D9)-1)/가정!$C$9 -> 2.0551683e+08 | I9: =H9-$H$7 -> -2.1061248e+08 | J9: =H9/$H$7 -> 0.49387732
B10: 45 | C10: =가정!$C$16-B10 -> 15 | D10: =C10*12 -> 180 | E10: =가정!$C$7 -> 500000 | F10: =E10*D10 -> 90000000 | G10: =H10-F10 -> 43644472 | H10: =E10*((1+가정!$C$9)^(D10)-1)/가정!$C$9 -> 1.3364447e+08 | I10: =H10-$H$7 -> -2.8248485e+08 | J10: =H10/$H$7 -> 0.32116091
B11: 50 | C11: =가정!$C$16-B11 -> 10 | D11: =C11*12 -> 120 | E11: =가정!$C$7 -> 500000 | F11: =E11*D11 -> 60000000 | G11: =H11-F11 -> 17641140 | H11: =E11*((1+가정!$C$9)^(D11)-1)/가정!$C$9 -> 77641140 | I11: =H11-$H$7 -> -3.3848818e+08 | J11: =H11/$H$7 -> 0.18657936
B14: ■ 늦게 시작한 사람이 '따라잡으려면' 얼마를 더 내야 하나?
B15: 60세 시점 자산을 30세 시작(월 50만원)과 똑같이 맞추기 위해 필요한 월 납입액입니다.
B16: 시작 연령 | C16: 납입기간 | D16: 따라잡기 필요 월납입액(원) | E16: 월 50만원 대비 배수 | F16: 월 추가부담액(원) | G16: 총 납입원금(원) | H16: 30세 시작 대비 추가 납입원금(원) | I16: 그래도 남는 투자수익 차이(원)
B17: =$B$8 -> 35 | C17: =$C$8 -> 25 | D17: =($H$7)/(((1+가정!$C$9)^($D$8)-1)/가정!$C$9) -> 698778.39 | E17: =D17/가정!$C$7 -> 1.3975568 | F17: =D17-가정!$C$7 -> 198778.39 | G17: =D17*$D$8 -> 2.0963352e+08 | H17: =G17-$F$7 -> 29633518 | I17: =($H$7-G17)-($H$7-$F$7) -> -29633518
B18: =$B$9 -> 40 | C18: =$C$9 -> 20 | D18: =($H$7)/(((1+가정!$C$9)^($D$9)-1)/가정!$C$9) -> 1012397.2 | E18: =D18/가정!$C$7 -> 2.0247943 | F18: =D18-가정!$C$7 -> 512397.16 | G18: =D18*$D$9 -> 2.4297532e+08 | H18: =G18-$F$7 -> 62975318 | I18: =($H$7-G18)-($H$7-$F$7) -> -62975318
B19: =$B$10 -> 45 | C19: =$C$10 -> 15 | D19: =($H$7)/(((1+가정!$C$9)^($D$10)-1)/가정!$C$9) -> 1556852 | E19: =D19/가정!$C$7 -> 3.1137039 | F19: =D19-가정!$C$7 -> 1056852 | G19: =D19*$D$10 -> 2.8023335e+08 | H19: =G19-$F$7 -> 1.0023335e+08 | I19: =($H$7-G19)-($H$7-$F$7) -> -1.0023335e+08
B20: =$B$11 -> 50 | C20: =$C$11 -> 10 | D20: =($H$7)/(((1+가정!$C$9)^($D$11)-1)/가정!$C$9) -> 2679824.9 | E20: =D20/가정!$C$7 -> 5.3596498 | F20: =D20-가정!$C$7 -> 2179824.9 | G20: =D20*$D$11 -> 3.2157899e+08 | H20: =G20-$F$7 -> 1.4157899e+08 | I20: =($H$7-G20)-($H$7-$F$7) -> -1.4157899e+08
B22: 핵심 메시지
B23: =" · 30세에 시작하면 60세에 "&TEXT(H7,"#,##0")&"원, 40세에 시작하면 "&TEXT(H9,"#,##0")&"원입니다. 10년 늦은 대가는 "&TEXT(-I9,"#,##0")&"원입니다." -> · 30세에 시작하면 60세에 416,129,318원, 40세에 시작하면 205,516,834원입니다. 10년 늦은 대가는 210,612,483원입니다.
B24: =" · 40세 시작자가 30세 시작자를 따라잡으려면 월 "&TEXT(D18,"#,##0")&"원, 즉 "&TEXT(E18,"0.00")&"배를 넣어야 합니다." -> · 40세 시작자가 30세 시작자를 따라잡으려면 월 1,012,397원, 즉 2.02배를 넣어야 합니다.
B25: =" · 그 결과 납입원금만 "&TEXT(H18,"#,##0")&"원을 더 부담하게 됩니다. 10년 먼저 시작했다면 내지 않아도 될 돈입니다." -> · 그 결과 납입원금만 62,975,318원을 더 부담하게 됩니다. 10년 먼저 시작했다면 내지 않아도 될 돈입니다.
B26: =" · 50세에 시작하면 월 "&TEXT(D20,"#,##0")&"원("&TEXT(E20,"0.00")&"배)이 필요합니다. 늦어질수록 따라잡기 부담은 기하급수적으로 커집니다." -> · 50세에 시작하면 월 2,679,825원(5.36배)이 필요합니다. 늦어질수록 따라잡기 부담은 기하급수적으로 커집니다.

Sheet 3_적게빨리vs많이늦게
B2: ③ 적은 금액이라도 빨리 vs 많은 금액을 늦게
B3: '금액'보다 '시간'이 강하다는 것을 보여주는 세 가지 비교입니다. (연 5% · 60세 종료)
B5: ■ 비교 1 : 30세부터 '월 30만원' 30년 vs 40세부터 '월 50만원' 20년
B6: 구분 | C6: A. 30세 시작 · 월 30만원 | D6: B. 40세 시작 · 월 50만원 | E6: 차이 (A − B)
B7: 월 납입액(원) | C7: 300000 | D7: =가정!$C$7 -> 500000 | E7: =C7-D7 -> -200000
B8: 납입 개월수 | C8: =(가정!$C$16-가정!$C$14)*12 -> 360 | D8: =(가정!$C$16-가정!$C$15)*12 -> 240 | E8: =C8-D8 -> 120
B9: 총 납입원금(원) | C9: =C7*C8 -> 108000000 | D9: =D7*D8 -> 120000000 | E9: =C9-D9 -> -12000000
B10: 투자수익(원) | C10: =C11-C9 -> 1.4167759e+08 | D10: =D11-D9 -> 85516834 | E10: =C10-D10 -> 56160756
B11: 60세 최종자산(원) | C11: =C7*((1+가정!$C$9)^(C8)-1)/가정!$C$9 -> 2.4967759e+08 | D11: =D7*((1+가정!$C$9)^(D8)-1)/가정!$C$9 -> 2.0551683e+08 | E11: =C11-D11 -> 44160756
B12: 결론 | C12: ="A가 원금을 "&TEXT(D9-C9,"#,##0")&"원 적게 넣고도 최종자산은 "&TEXT(C11-D11,"#,##0")&"원 더 많습니다." -> A가 원금을 12,000,000원 적게 넣고도 최종자산은 44,160,756원 더 많습니다.
B15: ■ 비교 2 : 30세부터 '10년만' 넣고 멈추기 vs 40세부터 '20년 내내' 넣기
B16: 구분 | C16: A. 30~40세 10년 납입 후 20년 거치 | D16: B. 40~60세 20년 납입 | E16: 차이 (A − B)
B17: 월 납입액(원) | C17: =가정!$C$7 -> 500000 | D17: =가정!$C$7 -> 500000 | E17: =C17-D17 -> 0
B18: 납입 개월수 | C18: =(가정!$C$15-가정!$C$14)*12 -> 120 | D18: =(가정!$C$16-가정!$C$15)*12 -> 240 | E18: =C18-D18 -> -120
B19: 추가 거치 개월수 | C19: =(가정!$C$16-가정!$C$15)*12 -> 240 | D19: 0 | E19: =C19-D19 -> 240
B20: 총 납입원금(원) | C20: =C17*C18 -> 60000000 | D20: =D17*D18 -> 120000000 | E20: =C20-D20 -> -60000000
B21: 투자수익(원) | C21: =C22-C20 -> 1.5061248e+08 | D21: =D22-D20 -> 85516834 | E21: =C21-D21 -> 65095649
B22: 60세 최종자산(원) | C22: =(C17*((1+가정!$C$9)^(C18)-1)/가정!$C$9)*(1+가정!$C$9)^C19 -> 2.1061248e+08 | D22: =D17*((1+가정!$C$9)^(D18)-1)/가정!$C$9 -> 2.0551683e+08 | E22: =C22-D22 -> 5095649.2
B23: 결론 | C23: ="A는 B의 절반("&TEXT(C20/D20,"0.0%")&")만 납입하고 10년간 손을 뗐는데도 최종자산이 "&TEXT(C22-D22,"#,##0")&"원 더 많습니다." -> A는 B의 절반(50.0%)만 납입하고 10년간 손을 뗐는데도 최종자산이 5,095,649원 더 많습니다.
B26: ■ 비교 3 : 40세 시작자가 '30세 · 월 30만원'을 따라잡으려면?
B27: 항목 | C27: 값 | D27: 해설
B28: 30세 · 월 30만원의 60세 자산(원) | C28: =C11 -> 2.4967759e+08 | D28: 비교 1의 A 시나리오 결과
B29: 40세 시작자의 납입 개월수 | C29: =(가정!$C$16-가정!$C$15)*12 -> 240 | D29: 40세부터 60세까지
B30: 따라잡기 필요 월납입액(원) | C30: =(C28)/(((1+가정!$C$9)^(C29)-1)/가정!$C$9) -> 607438.29 | D30: 30세 월 30만원과 동일한 자산을 만들기 위한 금액
B31: 30만원 대비 배수 | C31: =C30/C7 -> 2.0247943 | D31: 10년 늦은 만큼 매월 이만큼 더 넣어야 함
B32: 40세 시작자의 총 납입원금(원) | C32: =C30*C29 -> 1.4578519e+08 | D32: 필요 월납입액 × 납입 개월수
B33: 30세 시작자의 총 납입원금(원) | C33: =C9 -> 108000000 | D33: 월 30만원 × 360개월
B34: 추가로 부담해야 하는 원금(원) | C34: =C32-C33 -> 37785191 | D34: 같은 결과를 얻기 위해 더 내야 하는 돈
B36: 핵심 메시지
B37: =" · 30세에 월 30만원으로 시작한 사람을 40세에 따라잡으려면 월 "&TEXT(C30,"#,##0")&"원("&TEXT(C31,"0.00")&"배)이 필요하고, 원금은 "&TEXT(C34,"#,##0")&"원을 더 넣어야 합니다." -> · 30세에 월 30만원으로 시작한 사람을 40세에 따라잡으려면 월 607,438원(2.02배)이 필요하고, 원금은 37,785,191원을 더 넣어야 합니다.
B38: · 즉, "얼마를 넣느냐"보다 "언제 시작하느냐"가 결과를 더 크게 좌우합니다.
B39: · 시작이 늦어질수록 필요한 금액은 산술적으로가 아니라 기하급수적으로 늘어납니다. 지금 소액이라도 시작하는 것이 최선의 전략입니다.

Sheet 4_연도별추이
B2: ④ 연령별 자산 추이 (30세 → 60세)
B3: 네 가지 시나리오의 연말 평가금액입니다. 그래프의 '벌어지는 간격'이 곧 시간의 힘입니다.
B5: 연령 | C5: 경과연수 | D5: A. 30세 시작 월50만 | E5: B. 40세 시작 월50만 | F5: C. 30세 시작 월30만 | G5: D. 30~40세 월50만 후 거치
B6: =가정!$C$14+0 -> 30 | C6: 0 | D6: 0 | E6: 0 | F6: 0 | G6: 0
B7: =가정!$C$14+1 -> 31 | C7: 1 | D7: =D6*가정!$C$10+IF(AND(B7>가정!$C$14,B7<=가정!$C$16),가정!$C$7,0)*((1+가정!$C$9)^12-1)/가정!$C$9 -> 6139427.7 | E7: =E6*가정!$C$10+IF(AND(B7>가정!$C$15,B7<=가정!$C$16),가정!$C$7,0)*((1+가정!$C$9)^12-1)/가정!$C$9 -> 0 | F7: =F6*가정!$C$10+IF(AND(B7>가정!$C$14,B7<=가정!$C$16),'3_적게빨리vs많이늦게'!$C$7,0)*((1+가정!$C$9)^12-1)/가정!$C$9 -> 3683656.6 | G7: =G6*가정!$C$10+IF(AND(B7>가정!$C$14,B7<=가정!$C$15),가정!$C$7,0)*((1+가정!$C$9)^12-1)/가정!$C$9 -> 6139427.7
B8: =가정!$C$14+2 -> 32 | C8: 2 | D8: =D7*가정!$C$10+IF(AND(B8>가정!$C$14,B8<=가정!$C$16),가정!$C$7,0)*((1+가정!$C$9)^12-1)/가정!$C$9 -> 12592960 | E8: =E7*가정!$C$10+IF(AND(B8>가정!$C$15,B8<=가정!$C$16),가정!$C$7,0)*((1+가정!$C$9)^12-1)/가정!$C$9 -> 0 | F8: =F7*가정!$C$10+IF(AND(B8>가정!$C$14,B8<=가정!$C$16),'3_적게빨리vs많이늦게'!$C$7,0)*((1+가정!$C$9)^12-1)/가정!$C$9 -> 7555776.2 | G8: =G7*가정!$C$10+IF(AND(B8>가정!$C$14,B8<=가정!$C$15),가정!$C$7,0)*((1+가정!$C$9)^12-1)/가정!$C$9 -> 12592960
B9: =가정!$C$14+3 -> 33 | C9: 3 | D9: =D8*가정!$C$10+IF(AND(B9>가정!$C$14,B9<=가정!$C$16),가정!$C$7,0)*((1+가정!$C$9)^12-1)/가정!$C$9 -> 19376668 | E9: =E8*가정!$C$10+IF(AND(B9>가정!$C$15,B9<=가정!$C$16),가정!$C$7,0)*((1+가정!$C$9)^12-1)/가정!$C$9 -> 0 | F9: =F8*가정!$C$10+IF(AND(B9>가정!$C$14,B9<=가정!$C$16),'3_적게빨리vs많이늦게'!$C$7,0)*((1+가정!$C$9)^12-1)/가정!$C$9 -> 11626001 | G9: =G8*가정!$C$10+IF(AND(B9>가정!$C$14,B9<=가정!$C$15),가정!$C$7,0)*((1+가정!$C$9)^12-1)/가정!$C$9 -> 19376668
B10: =가정!$C$14+4 -> 34 | C10: 4 | D10: =D9*가정!$C$10+IF(AND(B10>가정!$C$14,B10<=가정!$C$16),가정!$C$7,0)*((1+가정!$C$9)^12-1)/가정!$C$9 -> 26507443 | E10: =E9*가정!$C$10+IF(AND(B10>가정!$C$15,B10<=가정!$C$16),가정!$C$7,0)*((1+가정!$C$9)^12-1)/가정!$C$9 -> 0 | F10: =F9*가정!$C$10+IF(AND(B10>가정!$C$14,B10<=가정!$C$16),'3_적게빨리vs많이늦게'!$C$7,0)*((1+가정!$C$9)^12-1)/가정!$C$9 -> 15904466 | G10: =G9*가정!$C$10+IF(AND(B10>가정!$C$14,B10<=가정!$C$15),가정!$C$7,0)*((1+가정!$C$9)^12-1)/가정!$C$9 -> 26507443
B11: =가정!$C$14+5 -> 35 | C11: 5 | D11: =D10*가정!$C$10+IF(AND(B11>가정!$C$14,B11<=가정!$C$16),가정!$C$7,0)*((1+가정!$C$9)^12-1)/가정!$C$9 -> 34003041 | E11: =E10*가정!$C$10+IF(AND(B11>가정!$C$15,B11<=가정!$C$16),가정!$C$7,0)*((1+가정!$C$9)^12-1)/가정!$C$9 -> 0 | F11: =F10*가정!$C$10+IF(AND(B11>가정!$C$14,B11<=가정!$C$16),'3_적게빨리vs많이늦게'!$C$7,0)*((1+가정!$C$9)^12-1)/가정!$C$9 -> 20401825 | G11: =G10*가정!$C$10+IF(AND(B11>가정!$C$14,B11<=가정!$C$15),가정!$C$7,0)*((1+가정!$C$9)^12-1)/가정!$C$9 -> 34003041
B12: =가정!$C$14+6 -> 36 | C12: 6 | D12: =D11*가정!$C$10+IF(AND(B12>가정!$C$14,B12<=가정!$C$16),가정!$C$7,0)*((1+가정!$C$9)^12-1)/가정!$C$9 -> 41882129 | E12: =E11*가정!$C$10+IF(AND(B12>가정!$C$15,B12<=가정!$C$16),가정!$C$7,0)*((1+가정!$C$9)^12-1)/가정!$C$9 -> 0 | F12: =F11*가정!$C$10+IF(AND(B12>가정!$C$14,B12<=가정!$C$16),'3_적게빨리vs많이늦게'!$C$7,0)*((1+가정!$C$9)^12-1)/가정!$C$9 -> 25129278 | G12: =G11*가정!$C$10+IF(AND(B12>가정!$C$14,B12<=가정!$C$15),가정!$C$7,0)*((1+가정!$C$9)^12-1)/가정!$C$9 -> 41882129
B13: =가정!$C$14+7 -> 37 | C13: 7 | D13: =D12*가정!$C$10+IF(AND(B13>가정!$C$14,B13<=가정!$C$16),가정!$C$7,0)*((1+가정!$C$9)^12-1)/가정!$C$9 -> 50164326 | E13: =E12*가정!$C$10+IF(AND(B13>가정!$C$15,B13<=가정!$C$16),가정!$C$7,0)*((1+가정!$C$9)^12-1)/가정!$C$9 -> 0 | F13: =F12*가정!$C$10+IF(AND(B13>가정!$C$14,B13<=가정!$C$16),'3_적게빨리vs많이늦게'!$C$7,0)*((1+가정!$C$9)^12-1)/가정!$C$9 -> 30098596 | G13: =G12*가정!$C$10+IF(AND(B13>가정!$C$14,B13<=가정!$C$15),가정!$C$7,0)*((1+가정!$C$9)^12-1)/가정!$C$9 -> 50164326
B14: =가정!$C$14+8 -> 38 | C14: 8 | D14: =D13*가정!$C$10+IF(AND(B14>가정!$C$14,B14<=가정!$C$16),가정!$C$7,0)*((1+가정!$C$9)^12-1)/가정!$C$9 -> 58870256 | E14: =E13*가정!$C$10+IF(AND(B14>가정!$C$15,B14<=가정!$C$16),가정!$C$7,0)*((1+가정!$C$9)^12-1)/가정!$C$9 -> 0 | F14: =F13*가정!$C$10+IF(AND(B14>가정!$C$14,B14<=가정!$C$16),'3_적게빨리vs많이늦게'!$C$7,0)*((1+가정!$C$9)^12-1)/가정!$C$9 -> 35322154 | G14: =G13*가정!$C$10+IF(AND(B14>가정!$C$14,B14<=가정!$C$15),가정!$C$7,0)*((1+가정!$C$9)^12-1)/가정!$C$9 -> 58870256
B15: =가정!$C$14+9 -> 39 | C15: 9 | D15: =D14*가정!$C$10+IF(AND(B15>가정!$C$14,B15<=가정!$C$16),가정!$C$7,0)*((1+가정!$C$9)^12-1)/가정!$C$9 -> 68021598 | E15: =E14*가정!$C$10+IF(AND(B15>가정!$C$15,B15<=가정!$C$16),가정!$C$7,0)*((1+가정!$C$9)^12-1)/가정!$C$9 -> 0 | F15: =F14*가정!$C$10+IF(AND(B15>가정!$C$14,B15<=가정!$C$16),'3_적게빨리vs많이늦게'!$C$7,0)*((1+가정!$C$9)^12-1)/가정!$C$9 -> 40812959 | G15: =G14*가정!$C$10+IF(AND(B15>가정!$C$14,B15<=가정!$C$15),가정!$C$7,0)*((1+가정!$C$9)^12-1)/가정!$C$9 -> 68021598
B16: =가정!$C$14+10 -> 40 | C16: 10 | D16: =D15*가정!$C$10+IF(AND(B16>가정!$C$14,B16<=가정!$C$16),가정!$C$7,0)*((1+가정!$C$9)^12-1)/가정!$C$9 -> 77641140 | E16: =E15*가정!$C$10+IF(AND(B16>가정!$C$15,B16<=가정!$C$16),가정!$C$7,0)*((1+가정!$C$9)^12-1)/가정!$C$9 -> 0 | F16: =F15*가정!$C$10+IF(AND(B16>가정!$C$14,B16<=가정!$C$16),'3_적게빨리vs많이늦게'!$C$7,0)*((1+가정!$C$9)^12-1)/가정!$C$9 -> 46584684 | G16: =G15*가정!$C$10+IF(AND(B16>가정!$C$14,B16<=가정!$C$15),가정!$C$7,0)*((1+가정!$C$9)^12-1)/가정!$C$9 -> 77641140
B17: =가정!$C$14+11 -> 41 | C17: 11 | D17: =D16*가정!$C$10+IF(AND(B17>가정!$C$14,B17<=가정!$C$16),가정!$C$7,0)*((1+가정!$C$9)^12-1)/가정!$C$9 -> 87752836 | E17: =E16*가정!$C$10+IF(AND(B17>가정!$C$15,B17<=가정!$C$16),가정!$C$7,0)*((1+가정!$C$9)^12-1)/가정!$C$9 -> 6139427.7 | F17: =F16*가정!$C$10+IF(AND(B17>가정!$C$14,B17<=가정!$C$16),'3_적게빨리vs많이늦게'!$C$7,0)*((1+가정!$C$9)^12-1)/가정!$C$9 -> 52651701 | G17: =G16*가정!$C$10+IF(AND(B17>가정!$C$14,B17<=가정!$C$15),가정!$C$7,0)*((1+가정!$C$9)^12-1)/가정!$C$9 -> 81613408
B18: =가정!$C$14+12 -> 42 | C18: 12 | D18: =D17*가정!$C$10+IF(AND(B18>가정!$C$14,B18<=가정!$C$16),가정!$C$7,0)*((1+가정!$C$9)^12-1)/가정!$C$9 -> 98381865 | E18: =E17*가정!$C$10+IF(AND(B18>가정!$C$15,B18<=가정!$C$16),가정!$C$7,0)*((1+가정!$C$9)^12-1)/가정!$C$9 -> 12592960 | F18: =F17*가정!$C$10+IF(AND(B18>가정!$C$14,B18<=가정!$C$16),'3_적게빨리vs많이늦게'!$C$7,0)*((1+가정!$C$9)^12-1)/가정!$C$9 -> 59029119 | G18: =G17*가정!$C$10+IF(AND(B18>가정!$C$14,B18<=가정!$C$15),가정!$C$7,0)*((1+가정!$C$9)^12-1)/가정!$C$9 -> 85788905
B19: =가정!$C$14+13 -> 43 | C19: 13 | D19: =D18*가정!$C$10+IF(AND(B19>가정!$C$14,B19<=가정!$C$16),가정!$C$7,0)*((1+가정!$C$9)^12-1)/가정!$C$9 -> 1.095547e+08 | E19: =E18*가정!$C$10+IF(AND(B19>가정!$C$15,B19<=가정!$C$16),가정!$C$7,0)*((1+가정!$C$9)^12-1)/가정!$C$9 -> 19376668 | F19: =F18*가정!$C$10+IF(AND(B19>가정!$C$14,B19<=가정!$C$16),'3_적게빨리vs많이늦게'!$C$7,0)*((1+가정!$C$9)^12-1)/가정!$C$9 -> 65732817 | G19: =G18*가정!$C$10+IF(AND(B19>가정!$C$14,B19<=가정!$C$15),가정!$C$7,0)*((1+가정!$C$9)^12-1)/가정!$C$9 -> 90178028
B20: =가정!$C$14+14 -> 44 | C20: 14 | D20: =D19*가정!$C$10+IF(AND(B20>가정!$C$14,B20<=가정!$C$16),가정!$C$7,0)*((1+가정!$C$9)^12-1)/가정!$C$9 -> 1.2129915e+08 | E20: =E19*가정!$C$10+IF(AND(B20>가정!$C$15,B20<=가정!$C$16),가정!$C$7,0)*((1+가정!$C$9)^12-1)/가정!$C$9 -> 26507443 | F20: =F19*가정!$C$10+IF(AND(B20>가정!$C$14,B20<=가정!$C$16),'3_적게빨리vs많이늦게'!$C$7,0)*((1+가정!$C$9)^12-1)/가정!$C$9 -> 72779490 | G20: =G19*가정!$C$10+IF(AND(B20>가정!$C$14,B20<=가정!$C$15),가정!$C$7,0)*((1+가정!$C$9)^12-1)/가정!$C$9 -> 94791707
B21: =가정!$C$14+15 -> 45 | C21: 15 | D21: =D20*가정!$C$10+IF(AND(B21>가정!$C$14,B21<=가정!$C$16),가정!$C$7,0)*((1+가정!$C$9)^12-1)/가정!$C$9 -> 1.3364447e+08 | E21: =E20*가정!$C$10+IF(AND(B21>가정!$C$15,B21<=가정!$C$16),가정!$C$7,0)*((1+가정!$C$9)^12-1)/가정!$C$9 -> 34003041 | F21: =F20*가정!$C$10+IF(AND(B21>가정!$C$14,B21<=가정!$C$16),'3_적게빨리vs많이늦게'!$C$7,0)*((1+가정!$C$9)^12-1)/가정!$C$9 -> 80186683 | G21: =G20*가정!$C$10+IF(AND(B21>가정!$C$14,B21<=가정!$C$15),가정!$C$7,0)*((1+가정!$C$9)^12-1)/가정!$C$9 -> 99641430
B22: =가정!$C$14+16 -> 46 | C22: 16 | D22: =D21*가정!$C$10+IF(AND(B22>가정!$C$14,B22<=가정!$C$16),가정!$C$7,0)*((1+가정!$C$9)^12-1)/가정!$C$9 -> 1.466214e+08 | E22: =E21*가정!$C$10+IF(AND(B22>가정!$C$15,B22<=가정!$C$16),가정!$C$7,0)*((1+가정!$C$9)^12-1)/가정!$C$9 -> 41882129 | F22: =F21*가정!$C$10+IF(AND(B22>가정!$C$14,B22<=가정!$C$16),'3_적게빨리vs많이늦게'!$C$7,0)*((1+가정!$C$9)^12-1)/가정!$C$9 -> 87972843 | G22: =G21*가정!$C$10+IF(AND(B22>가정!$C$14,B22<=가정!$C$15),가정!$C$7,0)*((1+가정!$C$9)^12-1)/가정!$C$9 -> 1.0473928e+08
B23: =가정!$C$14+17 -> 47 | C23: 17 | D23: =D22*가정!$C$10+IF(AND(B23>가정!$C$14,B23<=가정!$C$16),가정!$C$7,0)*((1+가정!$C$9)^12-1)/가정!$C$9 -> 1.6026226e+08 | E23: =E22*가정!$C$10+IF(AND(B23>가정!$C$15,B23<=가정!$C$16),가정!$C$7,0)*((1+가정!$C$9)^12-1)/가정!$C$9 -> 50164326 | F23: =F22*가정!$C$10+IF(AND(B23>가정!$C$14,B23<=가정!$C$16),'3_적게빨리vs많이늦게'!$C$7,0)*((1+가정!$C$9)^12-1)/가정!$C$9 -> 96157357 | G23: =G22*가정!$C$10+IF(AND(B23>가정!$C$14,B23<=가정!$C$15),가정!$C$7,0)*((1+가정!$C$9)^12-1)/가정!$C$9 -> 1.1009794e+08
B24: =가정!$C$14+18 -> 48 | C24: 18 | D24: =D23*가정!$C$10+IF(AND(B24>가정!$C$14,B24<=가정!$C$16),가정!$C$7,0)*((1+가정!$C$9)^12-1)/가정!$C$9 -> 1.7460101e+08 | E24: =E23*가정!$C$10+IF(AND(B24>가정!$C$15,B24<=가정!$C$16),가정!$C$7,0)*((1+가정!$C$9)^12-1)/가정!$C$9 -> 58870256 | F24: =F23*가정!$C$10+IF(AND(B24>가정!$C$14,B24<=가정!$C$16),'3_적게빨리vs많이늦게'!$C$7,0)*((1+가정!$C$9)^12-1)/가정!$C$9 -> 1.0476061e+08 | G24: =G23*가정!$C$10+IF(AND(B24>가정!$C$14,B24<=가정!$C$15),가정!$C$7,0)*((1+가정!$C$9)^12-1)/가정!$C$9 -> 1.1573075e+08
B25: =가정!$C$14+19 -> 49 | C25: 19 | D25: =D24*가정!$C$10+IF(AND(B25>가정!$C$14,B25<=가정!$C$16),가정!$C$7,0)*((1+가정!$C$9)^12-1)/가정!$C$9 -> 1.8967336e+08 | E25: =E24*가정!$C$10+IF(AND(B25>가정!$C$15,B25<=가정!$C$16),가정!$C$7,0)*((1+가정!$C$9)^12-1)/가정!$C$9 -> 68021598 | F25: =F24*가정!$C$10+IF(AND(B25>가정!$C$14,B25<=가정!$C$16),'3_적게빨리vs많이늦게'!$C$7,0)*((1+가정!$C$9)^12-1)/가정!$C$9 -> 1.1380401e+08 | G25: =G24*가정!$C$10+IF(AND(B25>가정!$C$14,B25<=가정!$C$15),가정!$C$7,0)*((1+가정!$C$9)^12-1)/가정!$C$9 -> 1.2165176e+08
B26: =가정!$C$14+20 -> 50 | C26: 20 | D26: =D25*가정!$C$10+IF(AND(B26>가정!$C$14,B26<=가정!$C$16),가정!$C$7,0)*((1+가정!$C$9)^12-1)/가정!$C$9 -> 2.0551683e+08 | E26: =E25*가정!$C$10+IF(AND(B26>가정!$C$15,B26<=가정!$C$16),가정!$C$7,0)*((1+가정!$C$9)^12-1)/가정!$C$9 -> 77641140 | F26: =F25*가정!$C$10+IF(AND(B26>가정!$C$14,B26<=가정!$C$16),'3_적게빨리vs많이늦게'!$C$7,0)*((1+가정!$C$9)^12-1)/가정!$C$9 -> 1.233101e+08 | G26: =G25*가정!$C$10+IF(AND(B26>가정!$C$14,B26<=가정!$C$15),가정!$C$7,0)*((1+가정!$C$9)^12-1)/가정!$C$9 -> 1.2787569e+08
B27: =가정!$C$14+21 -> 51 | C27: 21 | D27: =D26*가정!$C$10+IF(AND(B27>가정!$C$14,B27<=가정!$C$16),가정!$C$7,0)*((1+가정!$C$9)^12-1)/가정!$C$9 -> 2.2217089e+08 | E27: =E26*가정!$C$10+IF(AND(B27>가정!$C$15,B27<=가정!$C$16),가정!$C$7,0)*((1+가정!$C$9)^12-1)/가정!$C$9 -> 87752836 | F27: =F26*가정!$C$10+IF(AND(B27>가정!$C$14,B27<=가정!$C$16),'3_적게빨리vs많이늦게'!$C$7,0)*((1+가정!$C$9)^12-1)/가정!$C$9 -> 1.3330254e+08 | G27: =G26*가정!$C$10+IF(AND(B27>가정!$C$14,B27<=가정!$C$15),가정!$C$7,0)*((1+가정!$C$9)^12-1)/가정!$C$9 -> 1.3441806e+08
B28: =가정!$C$14+22 -> 52 | C28: 22 | D28: =D27*가정!$C$10+IF(AND(B28>가정!$C$14,B28<=가정!$C$16),가정!$C$7,0)*((1+가정!$C$9)^12-1)/가정!$C$9 -> 2.3967701e+08 | E28: =E27*가정!$C$10+IF(AND(B28>가정!$C$15,B28<=가정!$C$16),가정!$C$7,0)*((1+가정!$C$9)^12-1)/가정!$C$9 -> 98381865 | F28: =F27*가정!$C$10+IF(AND(B28>가정!$C$14,B28<=가정!$C$16),'3_적게빨리vs많이늦게'!$C$7,0)*((1+가정!$C$9)^12-1)/가정!$C$9 -> 1.438062e+08 | G28: =G27*가정!$C$10+IF(AND(B28>가정!$C$14,B28<=가정!$C$15),가정!$C$7,0)*((1+가정!$C$9)^12-1)/가정!$C$9 -> 1.4129514e+08
B29: =가정!$C$14+23 -> 53 | C29: 23 | D29: =D28*가정!$C$10+IF(AND(B29>가정!$C$14,B29<=가정!$C$16),가정!$C$7,0)*((1+가정!$C$9)^12-1)/가정!$C$9 -> 2.5807876e+08 | E29: =E28*가정!$C$10+IF(AND(B29>가정!$C$15,B29<=가정!$C$16),가정!$C$7,0)*((1+가정!$C$9)^12-1)/가정!$C$9 -> 1.095547e+08 | F29: =F28*가정!$C$10+IF(AND(B29>가정!$C$14,B29<=가정!$C$16),'3_적게빨리vs많이늦게'!$C$7,0)*((1+가정!$C$9)^12-1)/가정!$C$9 -> 1.5484726e+08 | G29: =G28*가정!$C$10+IF(AND(B29>가정!$C$14,B29<=가정!$C$15),가정!$C$7,0)*((1+가정!$C$9)^12-1)/가정!$C$9 -> 1.4852407e+08
B30: =가정!$C$14+24 -> 54 | C30: 24 | D30: =D29*가정!$C$10+IF(AND(B30>가정!$C$14,B30<=가정!$C$16),가정!$C$7,0)*((1+가정!$C$9)^12-1)/가정!$C$9 -> 2.7742199e+08 | E30: =E29*가정!$C$10+IF(AND(B30>가정!$C$15,B30<=가정!$C$16),가정!$C$7,0)*((1+가정!$C$9)^12-1)/가정!$C$9 -> 1.2129915e+08 | F30: =F29*가정!$C$10+IF(AND(B30>가정!$C$14,B30<=가정!$C$16),'3_적게빨리vs많이늦게'!$C$7,0)*((1+가정!$C$9)^12-1)/가정!$C$9 -> 1.6645319e+08 | G30: =G29*가정!$C$10+IF(AND(B30>가정!$C$14,B30<=가정!$C$15),가정!$C$7,0)*((1+가정!$C$9)^12-1)/가정!$C$9 -> 1.5612284e+08
B31: =가정!$C$14+25 -> 55 | C31: 25 | D31: =D30*가정!$C$10+IF(AND(B31>가정!$C$14,B31<=가정!$C$16),가정!$C$7,0)*((1+가정!$C$9)^12-1)/가정!$C$9 -> 2.9775485e+08 | E31: =E30*가정!$C$10+IF(AND(B31>가정!$C$15,B31<=가정!$C$16),가정!$C$7,0)*((1+가정!$C$9)^12-1)/가정!$C$9 -> 1.3364447e+08 | F31: =F30*가정!$C$10+IF(AND(B31>가정!$C$14,B31<=가정!$C$16),'3_적게빨리vs많이늦게'!$C$7,0)*((1+가정!$C$9)^12-1)/가정!$C$9 -> 1.7865291e+08 | G31: =G30*가정!$C$10+IF(AND(B31>가정!$C$14,B31<=가정!$C$15),가정!$C$7,0)*((1+가정!$C$9)^12-1)/가정!$C$9 -> 1.6411038e+08
B32: =가정!$C$14+26 -> 56 | C32: 26 | D32: =D31*가정!$C$10+IF(AND(B32>가정!$C$14,B32<=가정!$C$16),가정!$C$7,0)*((1+가정!$C$9)^12-1)/가정!$C$9 -> 3.1912799e+08 | E32: =E31*가정!$C$10+IF(AND(B32>가정!$C$15,B32<=가정!$C$16),가정!$C$7,0)*((1+가정!$C$9)^12-1)/가정!$C$9 -> 1.466214e+08 | F32: =F31*가정!$C$10+IF(AND(B32>가정!$C$14,B32<=가정!$C$16),'3_적게빨리vs많이늦게'!$C$7,0)*((1+가정!$C$9)^12-1)/가정!$C$9 -> 1.9147679e+08 | G32: =G31*가정!$C$10+IF(AND(B32>가정!$C$14,B32<=가정!$C$15),가정!$C$7,0)*((1+가정!$C$9)^12-1)/가정!$C$9 -> 1.7250658e+08
B33: =가정!$C$14+27 -> 57 | C33: 27 | D33: =D32*가정!$C$10+IF(AND(B33>가정!$C$14,B33<=가정!$C$16),가정!$C$7,0)*((1+가정!$C$9)^12-1)/가정!$C$9 -> 3.4159461e+08 | E33: =E32*가정!$C$10+IF(AND(B33>가정!$C$15,B33<=가정!$C$16),가정!$C$7,0)*((1+가정!$C$9)^12-1)/가정!$C$9 -> 1.6026226e+08 | F33: =F32*가정!$C$10+IF(AND(B33>가정!$C$14,B33<=가정!$C$16),'3_적게빨리vs많이늦게'!$C$7,0)*((1+가정!$C$9)^12-1)/가정!$C$9 -> 2.0495676e+08 | G33: =G32*가정!$C$10+IF(AND(B33>가정!$C$14,B33<=가정!$C$15),가정!$C$7,0)*((1+가정!$C$9)^12-1)/가정!$C$9 -> 1.8133235e+08
B34: =가정!$C$14+28 -> 58 | C34: 28 | D34: =D33*가정!$C$10+IF(AND(B34>가정!$C$14,B34<=가정!$C$16),가정!$C$7,0)*((1+가정!$C$9)^12-1)/가정!$C$9 -> 3.6521066e+08 | E34: =E33*가정!$C$10+IF(AND(B34>가정!$C$15,B34<=가정!$C$16),가정!$C$7,0)*((1+가정!$C$9)^12-1)/가정!$C$9 -> 1.7460101e+08 | F34: =F33*가정!$C$10+IF(AND(B34>가정!$C$14,B34<=가정!$C$16),'3_적게빨리vs많이늦게'!$C$7,0)*((1+가정!$C$9)^12-1)/가정!$C$9 -> 2.191264e+08 | G34: =G33*가정!$C$10+IF(AND(B34>가정!$C$14,B34<=가정!$C$15),가정!$C$7,0)*((1+가정!$C$9)^12-1)/가정!$C$9 -> 1.9060965e+08
B35: =가정!$C$14+29 -> 59 | C35: 29 | D35: =D34*가정!$C$10+IF(AND(B35>가정!$C$14,B35<=가정!$C$16),가정!$C$7,0)*((1+가정!$C$9)^12-1)/가정!$C$9 -> 3.9003496e+08 | E35: =E34*가정!$C$10+IF(AND(B35>가정!$C$15,B35<=가정!$C$16),가정!$C$7,0)*((1+가정!$C$9)^12-1)/가정!$C$9 -> 1.8967336e+08 | F35: =F34*가정!$C$10+IF(AND(B35>가정!$C$14,B35<=가정!$C$16),'3_적게빨리vs많이늦게'!$C$7,0)*((1+가정!$C$9)^12-1)/가정!$C$9 -> 2.3402098e+08 | G35: =G34*가정!$C$10+IF(AND(B35>가정!$C$14,B35<=가정!$C$15),가정!$C$7,0)*((1+가정!$C$9)^12-1)/가정!$C$9 -> 2.003616e+08
B36: =가정!$C$14+30 -> 60 | C36: 30 | D36: =D35*가정!$C$10+IF(AND(B36>가정!$C$14,B36<=가정!$C$16),가정!$C$7,0)*((1+가정!$C$9)^12-1)/가정!$C$9 -> 4.1612932e+08 | E36: =E35*가정!$C$10+IF(AND(B36>가정!$C$15,B36<=가정!$C$16),가정!$C$7,0)*((1+가정!$C$9)^12-1)/가정!$C$9 -> 2.0551683e+08 | F36: =F35*가정!$C$10+IF(AND(B36>가정!$C$14,B36<=가정!$C$16),'3_적게빨리vs많이늦게'!$C$7,0)*((1+가정!$C$9)^12-1)/가정!$C$9 -> 2.4967759e+08 | G36: =G35*가정!$C$10+IF(AND(B36>가정!$C$14,B36<=가정!$C$15),가정!$C$7,0)*((1+가정!$C$9)^12-1)/가정!$C$9 -> 2.1061248e+08
B38: 60세 시점 요약 | D38: =D36 -> 4.1612932e+08 | E38: =E36 -> 2.0551683e+08 | F38: =F36 -> 2.4967759e+08 | G38: =G36 -> 2.1061248e+08
B39: 총 납입원금 | D39: =가정!$C$7*(가정!$C$16-가정!$C$14)*12 -> 180000000 | E39: =가정!$C$7*(가정!$C$16-가정!$C$15)*12 -> 120000000 | F39: ='3_적게빨리vs많이늦게'!$C$7*(가정!$C$16-가정!$C$14)*12 -> 108000000 | G39: =가정!$C$7*(가정!$C$15-가정!$C$14)*12 -> 60000000
B40: 원금 1원당 최종자산 | D40: =D38/D39 -> 2.3118295 | E40: =E38/E39 -> 1.7126403 | F40: =F38/F39 -> 2.3118295 | G40: =G38/G39 -> 3.5102081
